"","SITE_ID","SITE_NAME","lat","long","elevation","IGBP","MAT","MAP"
"2","AU-ASM","Alice Springs",-22.283,133.249,NA,"SAV",NA,NA
"3","AU-Cpr","Calperum",-34.0021,140.5891,NA,"SAV",NA,NA
"5","AU-DaP","Daly River Savanna",-14.0633,131.3181,NA,"GRA",27.28,983.78
"6","AU-DaS","Daly River Cleared",-14.1593,131.3881,NA,"SAV",27.22,975.82
"7","AU-Dry","Dry River",-15.2588,132.3706,NA,"SAV",NA,NA
"8","AU-Emr","Emerald",-23.8587,148.4746,NA,"GRA",NA,NA
"10","AU-Gin","Gingin",-31.3764,115.7138,NA,"WSA",NA,NA
"11","AU-GWW","Great Western Woodlands, Western Australia, Australia",-30.1913,120.6541,NA,"SAV",NA,NA
"13","AU-Lox","Loxton",-34.4704,140.6551,NA,"DBF",NA,NA
"14","AU-RDF","Red Dirt Melon Farm, Northern Territory",-14.5636,132.4776,NA,"WSA",NA,NA
"15","AU-Rig","Riggs Creek",-36.6499,145.5759,NA,"GRA",NA,NA
"17","AU-Stp","Sturt Plains",-17.1507,133.3502,NA,"GRA",NA,NA
"18","AU-TTE","Ti Tree East",-22.287,133.64,NA,"GRA",NA,NA
"21","AU-Whr","Whroo",-36.6732,145.0294,NA,"EBF",NA,NA
"23","AU-Ync","Jaxa",-34.9893,146.2907,NA,"GRA",NA,NA
"24","SN-Dhr","Dahra",15.4028,-15.4322,40,"SAV",29,404
"25","ES-Amo","Amoladeras",36.8336,-2.2523,58,"OSH",NA,NA
"26","SD-Dem","Demokeya",13.2829,30.4783,500,"SAV",26,320
"27","BW-Nxr","Nxaraga",-19.5481,23.1792,950,"GRA",21,460
"28","AR-SLu","San Luis",-33.4648,-66.4598,NA,"MF",NA,400
"29","ZA-Kru","Skukuza",-25.0197,31.4969,359,"SAV",21.9,547
"30","IT-Noe","Arca di Noe - Le Prigionette",40.6062,8.1517,25,"CSH",15.9,588
"31","ES-LJu","Llano de los Juanes",36.9266,-2.7521,1600,"OSH",16,400
