,X,site,Name,VegClass,Veg,VegDes,ClimateClass,ClimateClassDes,MAP,MAT,Country,lat,long,Elevation
1,1,mx-lpa,La Paz,Savanna/Shrublands,OSH,Open Shrublands: Lands with woody vegetation less than 2 meters tall and with shrub canopy cover between 10-60%. The shrub foliage can be either evergreen or deciduous.,Bwh,Desert: warm winter,182,23.6,Mexico,24.12925,-110.43803,21
2,2,mx-ray,"Rayon, monsoon subtropical shrubland",Savanna/Shrublands,WSA,"Woody Savannas: Lands with herbaceous and other understory systems, and with forest canopy cover between 30-60%. The forest cover height exceeds 2 meters.",Bsh,Steppe: very cold winter,487,21.4,Mexico,29.74,-110.53,632
3,3,mx-tes,"Tesopaco, secondary tropical dry forest",Forest,DBF,Deciduous Broadleaf Forests: Lands dominated by woody vegetation with a percent cover >60% and height exceeding 2 meters.  Consists of broadleaf tree communities with an annual cycle of leaf-on and leaf-off periods.,Bsh,Steppe: very cold winter,647,24.3,Mexico,27.8446,-109.2977,460
4,4,us-aud,Audubon Research Ranch,Grasslands,GRA,"Grasslands: Lands with herbaceous types of cover. Tree and shrub cover is less than 10%. Permanent wetlands lands with a permanent mixture of water and herbaceous or woody vegetation. The vegetation can be present in either salt, brackish, or fresh water.",Bsk,Steppe: warm winter,438.35,14.85,USA,31.59073,-110.51038,1469
5,5,us-cop,Corral Pocket,Grasslands,GRA,"Grasslands: Lands with herbaceous types of cover. Tree and shrub cover is less than 10%. Permanent wetlands lands with a permanent mixture of water and herbaceous or woody vegetation. The vegetation can be present in either salt, brackish, or fresh water.",,,NA,NA,USA,38.09,-109.39,1520
6,6,us-fuf,Flagstaff - Unmanaged Forest,Forest,ENF,Evergreen Needleleaf Forests: Lands dominated by woody vegetation with a percent cover >60% and height exceeding 2 meters. Almost all trees remain green all year. Canopy is never without green foliage.,Csb,"Mediterranean: mild with dry, warm summer",562,8.7,USA,35.089,-111.762,2180
7,7,us-mpj,Mountainair Pinyon-Juniper Woodland,Forest,ENF,Evergreen Needleleaf Forests: Lands dominated by woody vegetation with a percent cover >60% and height exceeding 2 meters. Almost all trees remain green all year. Canopy is never without green foliage.,Bsk,Steppe: warm winter,385,10.5,USA,34.4385,-106.2377,2196
8,8,us-scc,Southern California Climate Gradient - Desert Chaparral,Savanna/Shrublands,OSH,Open Shrublands: Lands with woody vegetation less than 2 meters tall and with shrub canopy cover between 10-60%. The shrub foliage can be either evergreen or deciduous.,,,NA,NA,USA,33.6094,-116.4505,1280
9,9,us-scf,Southern California Climate Gradient - Oak/Pine Forest,Forest,MF,Mixed Forests: Lands dominated by trees with a percent cover >60% and height exceeding 2 meters.  Consists of tree communities with interspersed mixtures or mosaics of the other four forest types.  None of the forest types exceeds 60% of landscape.,,,NA,NA,USA,33.807879,-116.7717,1770
10,10,us-scw,Southern California Climate Gradient - Pinyon/Juniper Woodland,Savanna/Shrublands,OSH,Open Shrublands: Lands with woody vegetation less than 2 meters tall and with shrub canopy cover between 10-60%. The shrub foliage can be either evergreen or deciduous.,,,NA,NA,USA,33.6047,-116.4527,1281
11,11,us-seg,Sevilleta grassland,Grasslands,GRA,"Grasslands: Lands with herbaceous types of cover. Tree and shrub cover is less than 10%. Permanent wetlands lands with a permanent mixture of water and herbaceous or woody vegetation. The vegetation can be present in either salt, brackish, or fresh water.",Bsk,Steppe: warm winter,273.304,13.667,USA,34.3623,-106.702,1596
12,12,us-sen,Unknown,Grasslands,GRA,"Grasslands: Lands with herbaceous types of cover. Tree and shrub cover is less than 10%. Permanent wetlands lands with a permanent mixture of water and herbaceous or woody vegetation. The vegetation can be present in either salt, brackish, or fresh water.",,,202.756966,12.82503379,USA,34.35802,-106.68,1603
13,13,us-ses,Sevilleta shrubland,Savanna/Shrublands,OSH,Open Shrublands: Lands with woody vegetation less than 2 meters tall and with shrub canopy cover between 10-60%. The shrub foliage can be either evergreen or deciduous.,Bsk,Steppe: warm winter,275.082,13.722,USA,34.3349,-106.7442,1593
14,14,us-so2,Sky Oaks- Old Stand,Savanna/Shrublands,CSH,Closed Shrublands: Lands with woody vegetation less than 2 meters tall and with shrub canopy cover >60%. The shrub foliage can be either evergreen or deciduous.,Csa,"Mediterranean: mild with dry, hot summer",553,13.63,USA,33.3738,-116.6228,1394
15,15,us-so3,Sky Oaks- Young Stand,Savanna/Shrublands,CSH,Closed Shrublands: Lands with woody vegetation less than 2 meters tall and with shrub canopy cover >60%. The shrub foliage can be either evergreen or deciduous.,Csa,"Mediterranean: mild with dry, hot summer",576,13.29,USA,33.3771,-116.6226,1429
16,16,us-so4,Sky Oaks- New Stand,Savanna/Shrublands,CSH,Closed Shrublands: Lands with woody vegetation less than 2 meters tall and with shrub canopy cover >60%. The shrub foliage can be either evergreen or deciduous.,Csa,"Mediterranean: mild with dry, hot summer",NA,NA,USA,33.3845,-116.6406,1429
17,17,us-src,Santa Rita Creosote,Forest,MF,Mixed Forests: Lands dominated by trees with a percent cover >60% and height exceeding 2 meters.  Consists of tree communities with interspersed mixtures or mosaics of the other four forest types.  None of the forest types exceeds 60% of landscape.,Bwh,Desert: warm winter,330,22,USA,31.9083,-110.8395,950
18,18,us-srg,Santa Rita Grassland,Grasslands,GRA,"Grasslands: Lands with herbaceous types of cover. Tree and shrub cover is less than 10%. Permanent wetlands lands with a permanent mixture of water and herbaceous or woody vegetation. The vegetation can be present in either salt, brackish, or fresh water.",Bsk,Steppe: warm winter,420,17,USA,31.789379,-110.827675,1291
19,19,us-srm,Santa Rita Mesquite,Savanna/Shrublands,WSA,"Woody Savannas: Lands with herbaceous and other understory systems, and with forest canopy cover between 30-60%. The forest cover height exceeds 2 meters.",Bsk,Steppe: warm winter,380,17.92,USA,31.8214,-110.8661,1120
20,20,us-vcm,Valles Caldera Mixed Conifer,Forest,ENF,Evergreen Needleleaf Forests: Lands dominated by woody vegetation with a percent cover >60% and height exceeding 2 meters. Almost all trees remain green all year. Canopy is never without green foliage.,Dfb,Warm Summer Continental: significant precipitation in all seasons ,646,6.4,USA,35.8884,-106.5321,3030
21,21,us-vcp,Valles Caldera Ponderosa Pine,Forest,ENF,Evergreen Needleleaf Forests: Lands dominated by woody vegetation with a percent cover >60% and height exceeding 2 meters. Almost all trees remain green all year. Canopy is never without green foliage.,Dfb,Warm Summer Continental: significant precipitation in all seasons ,550,9.8,USA,35.864231,-106.596664,2500
22,22,us-whs,Walnut Gulch Lucky Hills Shrub,Savanna/Shrublands,OSH,Open Shrublands: Lands with woody vegetation less than 2 meters tall and with shrub canopy cover between 10-60%. The shrub foliage can be either evergreen or deciduous.,Bsk,Steppe: warm winter,320,17.6,USA,31.7438,-110.0522,1370
23,23,us-wjs,Willard Juniper Savannah,Savanna/Shrublands,SAV,"Savannas: Lands with herbaceous and other understory systems, and with forest canopy cover between 10-30%. The forest cover height exceeds 2 meters.",Bsk,Steppe: warm winter,361,15.2,USA,34.425489,-105.861545,1931
24,24,us-wkg,Walnut Gulch Kendall Grasslands,Grasslands,GRA,"Grasslands: Lands with herbaceous types of cover. Tree and shrub cover is less than 10%. Permanent wetlands lands with a permanent mixture of water and herbaceous or woody vegetation. The vegetation can be present in either salt, brackish, or fresh water.",Bsk,Steppe: warm winter,407,15.64,USA,31.7365,-109.9419,1531
